"Epic","Feature","Story","FAILED","BROKEN","PASSED","SKIPPED","UNKNOWN"
"","","","2","1","20","0","0"
"epic3","feature3","story1","0","0","2","0","0"
"epic3","feature3","story2","0","0","2","0","0"
"epic3","feature3","story3","0","0","2","0","0"
"epic3","feature2","story1","0","0","2","0","0"
"epic3","feature2","story2","0","0","2","0","0"
"epic3","feature2","story3","0","0","2","0","0"
"epic3","feature1","story1","0","0","2","0","0"
"epic3","feature1","story2","0","0","2","0","0"
"epic3","feature1","story3","0","0","2","0","0"
"epic2","feature3","story1","0","0","2","0","0"
"epic2","feature3","story2","0","0","2","0","0"
"epic2","feature3","story3","0","0","2","0","0"
"epic2","feature2","story1","0","0","2","0","0"
"epic2","feature2","story2","0","0","2","0","0"
"epic2","feature2","story3","0","0","2","0","0"
"epic2","feature1","story1","0","0","2","0","0"
"epic2","feature1","story2","0","0","2","0","0"
"epic2","feature1","story3","0","0","2","0","0"
"epic1","feature3","story1","0","0","2","0","0"
"epic1","feature3","story2","0","0","2","0","0"
"epic1","feature3","story3","0","0","2","0","0"
"epic1","feature2","story1","0","0","2","0","0"
"epic1","feature2","story2","0","0","2","0","0"
"epic1","feature2","story3","0","0","2","0","0"
"epic1","feature1","story1","0","0","2","0","0"
"epic1","feature1","story2","0","0","2","0","0"
"epic1","feature1","story3","0","0","2","0","0"
"epic","feature","story","0","0","1","0","0"
